[
    {
        "name": "Cultured",
        "friendBonusUniques": [
            "[+3 Culture] <before the [Reconstruction Era]>",
            "[+6 Culture] <starting from the [Reconstruction Era]> <before the [Return Era]>",
            "[+13 Culture] <starting from the [Return Era]>"
        ],
        "allyBonusUniques": [
            "[+6 Culture] <before the [Reconstruction Era]>",
            "[+12 Culture] <starting from the [Reconstruction Era]> <before the [Return Era]>",
            "[+26 Culture] <starting from the [Return Era]>"
        ],
        "color": [139, 96, 255]
    },
    {
        "name": "Maritime",
        "friendBonusUniques": ["[+2 Food] [in capital]"],
        "allyBonusUniques": ["[+2 Food] [in capital]", "[+1 Food] [in all cities]"],
        "color": [56, 255, 112]
    },
    {
        "name": "Mercantile",
        "friendBonusUniques": [
            "[+2 Happiness] <before the [Reconstruction Era]>",
            "[+3 Happiness] <starting from the [Reconstruction Era]>"
        ],
        "allyBonusUniques": [
            "[+2 Happiness] <before the [Reconstruction Era]>",
            "[+3 Happiness] <starting from the [Reconstruction Era]>",
            "Provides a unique luxury"
        ],
        "color": [255, 216, 0]
    },
    {
        "name": "Militaristic",
        "friendBonusUniques": ["Provides military units every ≈[20] turns"],
        "allyBonusUniques": ["Provides military units every ≈[17] turns"],
        "color": [255, 0, 0]
    },
    {
        "name": "Religious",
        "friendBonusUniques":  [
            "[+3 Faith] <before the [Reconstruction Era]>",
            "[+6 Faith] <starting from the [Reconstruction Era]> <before the [Return Era]>",
            "[+13 Faith] <starting from the [Return Era]>"
        ],
        "allyBonusUniques":  [
            "[+6 Faith] <before the [Reconstruction Era]>",
            "[+12 Faith] <starting from the [Reconstruction Era]> <before the [Return Era]>",
            "[+26 Faith] <starting from the [Return Era]>"
        ],
        "color": [255, 255, 255]
    }
]
