[
    {
        "name": "Reemergence Era",
        "researchAgreementCost": 150,
        "startingSettlerCount": 1, 
        "startingWorkerCount": 0,
        "startingMilitaryUnitCount": 1,
        "startingMilitaryUnit": "Warrior",
        "settlerPopulation": 1,
        "baseUnitBuyCost": 200,
        "embarkDefense": 3,
        "startPercent": 0,
        "citySound": "cityAncient",
        "iconRGB": [255, 87, 35]
    },
    {
        "name": "Reconstruction Era",
        "researchAgreementCost": 150,
        "startingSettlerCount": 1, 
        "startingWorkerCount": 0,
        "startingMilitaryUnitCount": 1,
        "startingMilitaryUnit": "Warrior",
        "settlerPopulation": 1,
        "baseUnitBuyCost": 200,
        "embarkDefense": 3,
        "startPercent": 0,
        "citySound": "cityAncient",
        "iconRGB": [255, 87, 35]
    },
    {
        "name": "Return Era",
        "researchAgreementCost": 150,
        "startingSettlerCount": 1, 
        "startingWorkerCount": 0,
        "startingMilitaryUnitCount": 1,
        "startingMilitaryUnit": "Warrior",
        "settlerPopulation": 1,
        "baseUnitBuyCost": 200,
        "embarkDefense": 3,
        "startPercent": 0,
        "citySound": "cityAncient",
        "iconRGB": [255, 87, 35]
    },
    {
        "name": "Future Era",
        "researchAgreementCost": 150,
        "startingSettlerCount": 1, 
        "startingWorkerCount": 0,
        "startingMilitaryUnitCount": 1,
        "startingMilitaryUnit": "Warrior",
        "settlerPopulation": 1,
        "baseUnitBuyCost": 200,
        "embarkDefense": 3,
        "startPercent": 0,
        "citySound": "cityAncient",
        "iconRGB": [255, 87, 35]
    }
]