[
	{
		"name": "Process",
		"leaderName": "Master Core",
		"adjective": ["cyborg"],
		"startBias": ["Snow"],
		"preferredVictoryType": "Domination",
		
		"startIntroPart1": "test",
		"startIntroPart2": "test2",
		
		"declaringWar": "You have been marked for termination.",
		"attacked": "I tire of your insignificant defiance.",
		"defeated": "I have collected enough data. You may return to your lives. For now.",
		"introduction": "Behold, mortal, for I am as a god.",
		
		"neutralHello": "A mortal being presumes to speak?",
		"neutralLetsHearIt": ["Go on.","What do you say?","You may begin."],
		"neutralNo": ["Not good enough.","No.","I refuse."],
		"neutralYes": ["Very good.","Yes.","That is acceptable."],

		"hateHello": "Your defeat is at hand.",
		"hateLetsHearIt": "Speak.",
		"hateNo": ["Negative","No","<connection terminated>"],
		"hateYes": ["Affirm.","Sufficient."],
		
		"afterPeace": "Very well, I shall collate the data from this conflict.",
		"tradeRequest": "This exchange shall benefit you. You will accept it.",

		"outerColor": [0,0,139],
		"innerColor": [0,255,255],
		"uniqueName": "Cybernetic Synthesis",
		"uniques": [
			"Comment [Gain Data instead of combat XP, which is used by unique buildings for extra bonuses]",
			"Comment [Units can still gain XP from other sources like barracks]",
			"[all] units gain the [Augmented I] promotion",
			"Nullifies [Faith] [in all cities]"
		],
		"Cities": ["Prime","One","Two","Three","Four","Five","Six","Seven","Eight","Nine"]
	},
	{
		"name": "Survivors",
		"leaderName": "Leader",
		"adjective": ["survivor"],
		"startBias": ["Grassland"],
		"preferredVictoryType": "Cultural",
		
		"startIntroPart1": "test",
		"startIntroPart2": "test2",
		
		"declaringWar": "You have been marked for termination.",
		"attacked": "I tire of your insignificant defiance.",
		"defeated": "I have collected enough data. You may return to your lives. For now.",
		"introduction": "Behold, mortal, for I am as a god.",
		
		"neutralHello": "A mortal being presumes to speak?",
		"neutralLetsHearIt": ["Go on.","What do you say?","You may begin."],
		"neutralNo": ["Not good enough.","No.","I refuse."],
		"neutralYes": ["Very good.","Yes.","That is acceptable."],

		"hateHello": "Your defeat is at hand.",
		"hateLetsHearIt": "Speak.",
		"hateNo": ["Negative","No","<connection terminated>"],
		"hateYes": ["Affirm.","Sufficient."],
		
		"afterPeace": "Very well, I shall collate the data from this conflict.",
		"tradeRequest": "This exchange shall benefit you. You will accept it.",

		"outerColor": [0,0,139],
		"innerColor": [0,255,255],
		"uniqueName": "Lay of the Land",
		"uniques": ["Free [Worker] appears",
					"Free [Scout] appears",
					"[+1] Sight",
					"[+1] Sight <For [Civilian] units>"],
		"cities": ["Alef","Bet","Gimel","Dalet","He","Vav","Zayin","Het","Tet","Yod"]
	}
]