[
	{
		"name": "Process",
		"leaderName": "Master Core",
		"adjective": ["cyborg"],
		"startBias": ["Snow"],
		"preferredVictoryType": "Domination",
		
		"startIntroPart1": "test",
		"startIntroPart2": "test2",
		
		"declaringWar": "You have been marked for termination.",
		"attacked": "I tire of your insignificant defiance.",
		"defeated": "I have collected enough data. You may return to your lives. For now.",
		"introduction": "Behold, mortal, for I am as a god.",
		
		"neutralHello": "A mortal being presumes to speak?",
		"neutralLetsHearIt": ["Go on.","What do you say?","You may begin."],
		"neutralNo": ["Not good enough.","No.","I refuse."],
		"neutralYes": ["Very good.","Yes.","That is acceptable."],

		"hateHello": "Your defeat is at hand.",
		"hateLetsHearIt": "Speak.",
		"hateNo": ["Negative","No","<connection terminated>"],
		"hateYes": ["Affirm.","Sufficient."],
		
		"afterPeace": "Very well, I shall collate the data from this conflict.",
		"tradeRequest": "This exchange shall benefit you. You will accept it.",

		"outerColor": [0,0,139],
		"innerColor": [0,255,255],
		"uniqueName": "Cybernetic Synthesis",
		"uniques": ["Comment [Gain Data instead of combat XP, which is used by unique buildings for extra bonuses]",
					"Comment [Units can still gain XP from other sources like barracks]",
					"[all] units gain the [Augmented I] promotion",
					"Nullifies [Faith] [in all cities]"],
		"cities": ["Prime","One","Two","Three","Four","Five","Six","Seven","Eight","Nine"]
	},
	{
		"name": "Survivors",
		"leaderName": "Leader",
		"adjective": ["survivor"],
		"startBias": ["Grassland"],
		"preferredVictoryType": "Cultural",
		
		"startIntroPart1": "test",
		"startIntroPart2": "test2",
		
		"declaringWar": "You have been marked for termination.",
		"attacked": "I tire of your insignificant defiance.",
		"defeated": "I have collected enough data. You may return to your lives. For now.",
		"introduction": "Behold, mortal, for I am as a god.",
		
		"neutralHello": "A mortal being presumes to speak?",
		"neutralLetsHearIt": ["Go on.","What do you say?","You may begin."],
		"neutralNo": ["Not good enough.","No.","I refuse."],
		"neutralYes": ["Very good.","Yes.","That is acceptable."],

		"hateHello": "Your defeat is at hand.",
		"hateLetsHearIt": "Speak.",
		"hateNo": ["Negative","No","<connection terminated>"],
		"hateYes": ["Affirm.","Sufficient."],
		
		"afterPeace": "Very well, I shall collate the data from this conflict.",
		"tradeRequest": "This exchange shall benefit you. You will accept it.",

		"outerColor": [0,0,139],
		"innerColor": [0,255,255],
		"uniqueName": "Lay of the Land",
		"uniques": ["Free [Worker] appears",
					"Free [Scout] appears",
					"[+1] Sight",
					"[+1] Sight <for [{Civilian}] units>"],
		"cities": ["Alef","Bet","Gimel","Dalet","He","Vav","Zayin","Het","Tet","Yod"]
	}
	
	//
	// Nation-states
	//
	{
		"name": "Brussels",
		"adjective": ["Bruxellois"],
		"cityStateType": "Cultured",

		"declaringWar": "You leave us no choice. War it must be.",
		"attacked": "Very well, this shall not be forgotten.",
		"defeated": "I guess you weren't here for the sprouts after all...",
		"outerColor": [0, 0, 0],
		"innerColor": [153,255,51],
		"cities": ["Brussels"]
	},
	{
		"name": "Florence",
		"adjective": ["Florentine"],
		"cityStateType": "Cultured",

		"declaringWar": "You leave us no choice. War it must be.",
		"attacked": "Very well, this shall not be forgotten.",
		"defeated": "And so the flower of Florence falls to barbaric hands...",
		"outerColor": [0, 0, 0],
		"innerColor": [62,197,252],
		"cities": ["Florence"]
	},
	{
		"name": "Hanoi",
		"adjective": ["Hanoi"],
		"cityStateType": "Cultured",

		"declaringWar": "You leave us no choice. War it must be.",
		"attacked": "Very well, this shall not be forgotten.",
		"defeated": "So this is how it feels to die...",
		"outerColor": [0, 0, 0],
        "innerColor": [51,51,255],
		"cities": ["Hanoi"]
	},
	{
		"name": "Kabul",
		"adjective": ["Kabul"],
		"cityStateType": "Cultured",

		"declaringWar": "You leave us no choice. War it must be.",
		"attacked": "Very well, this shall not be forgotten.",
		"defeated": "Unacceptable!",
		"outerColor": [0, 0, 0],
		"innerColor": [168,38,102],
		"cities": ["Kabul"]
	},
	{
		"name": "Kuala Lumpur",
		"adjective": ["KLite"],
		"cityStateType": "Cultured",

		"declaringWar": "You leave us no choice. War it must be.",
		"attacked": "Very well, this shall not be forgotten.",
		"defeated": "Today, the Malay people obey you, but do not think this is over...",
		"outerColor": [0, 0, 0],
		"innerColor": [0,102,102],
		"cities": ["Kuala Lumpur"]
	},
	{
		"name": "Lhasa",
		"adjective": ["tibetano"],
		"cityStateType": "Cultured",

		"declaringWar": "You leave us no choice. War it must be.",
		"attacked": "Very well, this shall not be forgotten.",
		"defeated": "Perhaps now we will find peace in death...",
		"outerColor": [0, 0, 0],
		"innerColor": [204,102,0],
		"cities": ["Lhasa"]
	},
	{
		"name": "Milan",
		"adjective": ["Milanese"],
		"cityStateType": "Cultured",

		"declaringWar": "You leave us no choice. War it must be.",
		"attacked": "Very well, this shall not be forgotten.",
		"defeated": "You fiend! History shall remember this!",
		"outerColor": [0, 0, 0],
		"innerColor": [185,132,66],
		"cities": ["Milan"]
	},
	{
		"name": "Quebec City",
		"adjective": ["Québécois"],
		"cityStateType": "Cultured",

		"declaringWar": "You leave us no choice. War it must be.",
		"attacked": "Very well, this shall not be forgotten.",
		"defeated": "We were too weak to protect ourselves...",
		"outerColor": [0, 0, 0],
		"innerColor": [51,102,0],
		"cities": ["Quebec City"]
	},

	{
		"name": "Cape Town",
		"adjective": ["Cape Town"],
		"cityStateType": "Maritime",

		"declaringWar": "You leave us no choice. War it must be.",
		"attacked": "Very well, this shall not be forgotten.",
		"defeated": "I have failed. May you, at least, know compassion towards our people.",
		"outerColor": [0, 0, 0],
		"innerColor": [255,153,153],
		"cities": ["Cape Town"]
	},
	{
		"name": "Helsinki",
		"adjective": ["Helsinki"],
		"cityStateType": "Maritime",

		"declaringWar": "You leave us no choice. War it must be.",
		"attacked": "Very well, this shall not be forgotten.",
		"defeated": "The day of judgement has come to us. But rest assured, the same will go for you!",
		"outerColor": [0, 0, 0],
		"innerColor": [255,178,102],
		"cities": ["Helsinki"]
	},
	{
		"name": "Manila",
		"adjective": ["Manilan"],
		"cityStateType": "Maritime",

		"declaringWar": "You leave us no choice. War it must be.",
		"attacked": "Very well, this shall not be forgotten.",
		"defeated": "Ah, Gods! Why have you forsaken us?",
		"outerColor": [0, 0, 0],
		"innerColor": [96,96,96],
		"cities": ["Manila"]
	},
	{
		"name": "Mogadishu",
		"adjective": ["Mogadishu"],
		"cityStateType": "Maritime",

		"declaringWar": "You leave us no choice. War it must be.",
		"attacked": "Very well, this shall not be forgotten.",
		"defeated": "Congratulations, conqueror. This tribe serves you now.",
		"outerColor": [0, 0, 0],
		"innerColor": [224,224,224],
		"cities": ["Mogadishu"]
	},
	{
		"name": "Rio de Janeiro",
		"adjective": ["Carioca"],
		"cityStateType": "Maritime",
		"startBias": ["Coast"],

		"declaringWar": "I have to do this, for the sake of progress if nothing else. You must be opposed!",
		"attacked": "You can see how fruitless this will be for you... right?",
		"defeated": "May God grant me these last wishes - peace and prosperity for Brazil.",
		"outerColor": [0, 0, 0],
		"innerColor": [211, 220, 103],
		"cities": ["Rio de Janeiro"]
	},
	{
		"name": "Sydney",
		"adjective": ["Sydney"],
		"cityStateType": "Maritime",

		"declaringWar": "After thorough deliberation, Australia finds itself at a crossroads. Prepare yourself, for war is upon us.",
		"attacked": "We will mobilize every means of resistance to stop this transgression against our nation!",
		"defeated": "The principles for which we have fought will survive longer than any nation you could ever build.",
		"outerColor": [0, 0, 0],
		"innerColor": [255,204,204],
		"cities": ["Sydney"]
	},
	{
		"name": "Ur",
		"adjective": ["Ur"],
		"cityStateType": "Maritime",
		"startBias": ["Coast"],

		"declaringWar": "I will enjoy hearing your last breath as you witness the destruction of your realm!",
		"attacked": "Why do we fight? Because Inanna demands it. Now, witness the power of the Sumerians!",
		"defeated": "What treachery has struck us? No, what evil?",
		"outerColor": [0, 0, 0],
		"innerColor": [255,69,0],
		"cities": ["Ur"]
	},
	{
		"name": "Vancouver",
		"adjective": ["Vancouverite"],
		"cityStateType": "Maritime",

		"declaringWar": "In responding to the unstinting malignancy that has heretofore defined your relationship with Canada, we can have no recourse but war!",
		"attacked": "As we can reach no peaceful resolution with you, Canada must turn, with reluctance, to war.",
		"defeated": "I regret not defending my country to the last, although it was not of use.",
		"outerColor": [0, 0, 0],
		"innerColor": [0,255,128],
		"cities": ["Vancouver"]
	},
	{
		"name": "Venice",
		"adjective": ["Venetian"],
		"cityStateType": "Maritime",
		"startBias": ["Coast"],

		"declaringWar": "You have revealed your purposes a bit too early, my friend...",
		"attacked": "Very well, this shall not be forgotten.",
		"defeated": "A wrong calculation, on my part.",
		"outerColor": [0, 0, 0],
		"innerColor": [153,204,255],
		"cities": ["Venice"]
	},

	{
		"name": "Antwerp",
		"adjective": ["Antwerp"],
		"cityStateType": "Mercantile",
		"startBias": ["Coast"],

		"declaringWar": "You leave us no choice. War it must be.",
		"attacked": "Very well, this shall not be forgotten.",
		"defeated": "They will write songs of this.... pray that they shall be in your favor.",
		"outerColor": [0, 0, 0],
		"innerColor": [194,97,255],
		"cities": ["Antwerp"]
	},
	{
		"name": "Genoa",
		"adjective": ["Genoese"],
		"cityStateType": "Mercantile",
		"startBias": ["Coast"],

		"declaringWar": "You leave us no choice. War it must be.",
		"attacked": "Very well, this shall not be forgotten.",
		"defeated": "How barbaric. Those who live by the sword shall perish by the sword.",
		"outerColor": [0, 0, 0],
		"innerColor": [45,255,86],
		"cities": ["Genoa"]
	},
	{
		"name": "Kathmandu",
		"adjective": ["Kathmandu"],
		"cityStateType": "Mercantile",

		"declaringWar": "You leave us no choice. War it must be.",
		"attacked": "Very well, this shall not be forgotten.",
		"defeated": "We... defeated? No... we had so much work to do!",
		"outerColor": [0, 0, 0],
		"innerColor": [151,125,0],
		"cities": ["Kathmandu"]
	},
	{
		"name": "Singapore",
		"adjective": ["Singaporean"],
		"cityStateType": "Mercantile",

		"declaringWar": "You leave us no choice. War it must be.",
		"attacked": "Very well, this shall not be forgotten.",
		"defeated": "Perhaps, in another world, we could have been friends...",
		"outerColor": [0, 0, 0],
		"innerColor": [255,255,0],
		"cities": ["Singapore"]
	},
	{
		"name": "Tyre",
		"adjective": ["Tyrian"],
		"cityStateType": "Mercantile",
		"startBias": ["Coast"],

		"declaringWar": "You leave us no choice. War it must be.",
		"attacked": "Very well, this shall not be forgotten.",
		"defeated": "We never fully trusted you from the start.",
		"outerColor": [0, 0, 0],
		"innerColor": [255,97,255],
		"cities": ["Tyre"]
	},
	{
		"name": "Zanzibar",
		"adjective": ["Zanzibar"],
		"cityStateType": "Mercantile",

		"declaringWar": "You leave us no choice. War it must be.",
		"attacked": "Very well, this shall not be forgotten.",
		"defeated": "May the Heavens forgive you for inflicting this humiliation to our people.",
		"outerColor": [0, 0, 0],
		"innerColor": [255,153,255],
		"cities": ["Zanzibar"]
	},

	{
		"name": "Almaty",
		"adjective": ["Almaty"],
		"cityStateType": "Militaristic",

		"declaringWar": "You leave us no choice. War it must be.",
		"attacked": "Very well, this shall not be forgotten.",
		"defeated": "How could we fall to the likes of you?!",
		"outerColor": [0, 0, 0],
		"innerColor": [152,0,241],
		"cities": ["Almaty"]
	},
	{
		"name": "Belgrade",
		"adjective": ["Belgrade"],
		"cityStateType": "Militaristic",

		"declaringWar": "Let's have a nice little War, shall we?",
		"attacked": "If you need your nose bloodied, we'll happily serve.",
		"defeated": "The serbian guerilla will never stop haunting you!",
		"outerColor": [0, 0, 0],
		"innerColor": [211,180,113],
		"cities": ["Belgrade"]
	},
	{
		"name": "Dublin",
		"adjective": ["Dubliner"],
		"cityStateType": "Militaristic",

		"declaringWar": "War lingers in our hearts. Why carry on with a false peace?",
		"attacked": "You gormless radger! You'll dine on your own teeth before you set foot in Ireland!",
		"defeated": "A lonely wind blows through the highlands today. A dirge for Ireland. Can you hear it?",
		"outerColor": [0, 0, 0],
		"innerColor": [211,180,113],
		"cities": ["Dublin"],
		"uniques": ["Will not be displayed in Civilopedia", "Will not be chosen for new games", "Excluded from map editor"]
	},
	{
		"name": "Edinburgh",
		"adjective": ["Edinburghensian"],
		"cityStateType": "Militaristic",

		"declaringWar": "You shall stain this land no longer with your vileness! To arms, my countrymen - we ride to war!",
		"attacked": "Traitorous man! The Celtic peoples will not stand for such wanton abuse and slander - I shall have your head!",
		"defeated": "Vile ruler, know that you 'won' this war in name only!",
		"outerColor": [0, 0, 0],
		"innerColor": [0,102,102],
		"cities": ["Edinburgh"],
		"uniques": ["Will not be displayed in Civilopedia", "Will not be chosen for new games", "Excluded from map editor"]
	},
	{
		"name": "M'Banza-Kongo",
		"adjective": ["M'Banza-Kongo"],
		"cityStateType": "Militaristic",

		"declaringWar": "Do you really think you can walk over us so easily? I will not let it happen. Not to Kongo - not to my people!",
		"attacked": "We are no strangers to war. You have strayed from the right path, and now we will correct it.",
		"defeated": "You are nothing but a glorified barbarian. Cruel, and ruthless.",
		"outerColor": [0, 0, 0],
		"innerColor": [255,128,0],
		"cities": ["M'Banza-Kongo"]
	},
	{
		"name": "Sidon",
		"adjective": ["Sidon"],
		"cityStateType": "Militaristic",

		"declaringWar": "You leave us no choice. War it must be.",
		"attacked": "Very well, this shall not be forgotten.",
		"defeated": "What a fine battle! Sidon is willing to serve you!",
		"outerColor": [0, 0, 0],
		"innerColor": [250,128,114],
		"cities": ["Sidon"]
	},
	{
		"name": "Valletta",
		"adjective": ["maltese"],
		"cityStateType": "Militaristic",

		"declaringWar": "We don't like your face. To arms!",
		"attacked": "You will see you have just bitten off more than you can chew.",
		"defeated": "This ship may sink, but our spirits will linger.",
		"outerColor": [0, 0, 0],
		"innerColor": [0,102,102],
		"cities": ["Valletta"]
	},

	{
		"name": "Bratislava",
		"adjective": ["Bratislava"],
		"cityStateType": "Religious",

		"declaringWar": "I didn't want to do this. We declare war.",
		"attacked": "I will fear no evil. For god is with me!",
		"defeated": "Why have you forsaken us my lord?",
		"outerColor": [0, 0, 0],
		"innerColor": [255,255,255],
		"cities": ["Bratislava"]
	},
	{
		"name": "Cahokia",
		"adjective": ["Cahokia"],
		"cityStateType": "Religious",

		"declaringWar": "We have wanted this for a LONG time. War it shall be.",
		"attacked": "Very well, we will kick you back to the ancient era!",
		"defeated": "This isn't how it is supposed to be!",
		"outerColor": [0, 0, 0],
		"innerColor": [203, 253, 232],
		"cities": ["Cahokia"]
	},
	{
		"name": "Jerusalem",
		"adjective": ["Jerusalem"],
		"cityStateType": "Religious",

		"declaringWar": "By god's grace we will not allow these atrocities to occur any longer. We declare war!",
		"attacked": "May god have mercy on your evil soul.",
		"defeated": "I for one welcome our new conquer overlord!",
		"outerColor": [0, 0, 0],
		"innerColor": [198,255,192],
		"cities": ["Jerusalem"]
	},



	//Barbarian
	{
		"name": "Barbarians",
		"outerColor": [0,0,0],
        "innerColor": [185,12,12],
		"uniques": ["Can only heal by pillaging", "Excluded from map editor",
			"[Water] units gain the [Unable to pillage tiles] promotion"]
	}
]