[
    {
        "name": "Tradition",
        "era": "Reemergence Era",
        "priorities": {
            "Neutral": 0,
            "Cultural": 10,
            "Diplomatic": 0,
            "Domination": 0,
            "Scientific": 10
        },
        "uniques": [
            "[+3 Culture] [in capital]",
            "[-25]% Culture cost of natural border growth [in all cities]"
        ],
        "policies": [
            {
                "name": "Aristocracy",
                "uniques": [
                    "[+15]% Production when constructing [All] wonders [in all cities]",
                    "[+1 Happiness] per [10] population [in all cities]"
                ],
                "row": 1,
                "column": 1
            },
            {
                "name": "Legalism",
                "uniques": [
                    "Provides the cheapest [Culture] building in your first [4] cities for free"
                ],
                "row": 1,
                "column": 3
            },
            {
                "name": "Oligarchy",
                "uniques": [
                    "Units in cities cost no Maintenance",
                    "[+50]% Strength for cities <with a garrison> <when attacking>"
                ],
                "row": 1,
                "column": 5
            },
            {
                "name": "Landed Elite",
                "uniques": [
                    "[+10]% growth [in capital]",
                    "[+2 Food] [in capital]"
                ],
                "requires": ["Legalism"],
                "row": 2,
                "column": 2
            },
            {
                "name": "Monarchy",
                "uniques": [
                    "[+1 Gold, +1 Happiness] per [2] population [in capital]"
                ],
                "requires": ["Legalism"],
                "row": 2,
                "column": 4
            },
            {
                "name": "Tradition Complete",
                "uniques": [
                    "[+15]% growth [in all cities]",
                    //"Provides a [Aqueduct] in your first [4] cities for free"
                ]
            }
        ]
    },
    {
        "name": "Liberty",
        "era": "Reemergence Era",
        "priorities": {
            "Neutral": 10,
            "Cultural": 10,
            "Diplomatic": 20,
            "Domination": 20,
            "Scientific": 20
        },
        "uniques": ["[+1 Culture] [in all cities]"],
        "policies": [
            {
                "name": "Republic",
                "uniques": [
                    "[+1 Production] [in all cities]",
                    "[+5]% Production when constructing [All] buildings [in all cities]",
                ],
                "row": 1,
                "column": 1
            },
            {
                "name": "Citizenship",
                "uniques": [
                    "[-25]% construction time for [All] improvements",
                    "Free [Worker] appears"
                ],
                "row": 1,
                "column": 4
            },
            {
                "name": "Collective Rule",
                "uniques": [
                    "[+50]% Production when constructing [Settler] units [in capital]",
                    "Free [Settler] appears"
                ],
                "requires": ["Republic"],
                "row": 2,
                "column": 1
            },
            {
                "name": "Representation",
                "uniques": [
                    "Each city founded increases culture cost of policies [33]% less than normal",
                    "Empire enters golden age"
                ],
                "requires": ["Citizenship"],
                "row": 2,
                "column": 3
            },
            {
                "name": "Meritocracy",
                "uniques": [
                    "[+1 Happiness] [in all cities connected to capital]",
                    "[-5]% Unhappiness from [Population] [in all non-occupied cities]"
                ],
                "requires": ["Citizenship"],
                "row": 2,
                "column": 5
            },
            {
                "name": "Liberty Complete",
                "uniques": ["Free Great Person"]
            }
        ]
    },
]
