[
	{
		"columnNumber": 0,
		"era": "Reemergence Era",
		"techCost": 20,
		"buildingCost": 40,
		"wonderCost": 185,
		"techs": [
			{
				"name": "Agriculture",
				"row": 2,
				"quote": "'Where tillage begins, other arts follow. The farmers therefore are the founders of human civilization.' - Daniel Webster"
			},
			{
				"name": "Early tech II",
				"row": 9,
				"quote": "qwerty"
			}
		]
	},
	{
		"columnNumber": 1,
		"era": "Reemergence Era",
		"techCost": 35,
		"buildingCost": 60,
		"wonderCost": 185,
		"techs": [
			{
				"name": "Pottery",
				"row": 2,
				"prerequisites": ["Agriculture"],
				"quote": "'Shall the clay say to him that fashioneth it, what makest thou?' - Bible Isaiah 45:9"
			},
			{
				"name": "Animal Husbandry",
				"row": 5,
				"prerequisites": ["Agriculture"],
				"quote": "'Thou shalt not muzzle the ox when he treadeth out the corn.' - Bible Deuteronomy 25:4"
			},
			{
				"name": "Archery",
				"row": 7,
				"prerequisites": ["Agriculture"],
				"quote": "'The haft of the arrow has been feathered with one of the eagle's own plumes, we often give our enemies the means of our own destruction' - Aesop"
			},
			{
				"name": "Mining",
				"row": 9,
				"prerequisites": ["Agriculture"],
				"quote": "'The meek shall inherit the Earth, but not its mineral rights.' - J. Paul Getty"
			}
		]
	},
]