[
	{
		"name": "Worker",
		"unitType": "Civilian",
		"movement": 2,
		"uniques": ["Can build [Land] improvements on tiles", "Automation is a primary action"],
		"cost": 70
	},
	{
		"name": "Settler",
		"unitType": "Civilian",
		"movement": 2,
		"cost": 106,
		"uniques": ["Founds a new city <by consuming this unit>", 
			"Excess Food converted to Production when under construction",
			"Requires at least [2] population"],
		"hurryCostModifier": 20
	},
	{
		"name": "Scout",
		"unitType": "Scout",
		"movement": 2,
		"strength": 5,
		"cost": 25,
		"uniques": ["May upgrade to [Archer] through ruins-like effects", "Never appears as a Barbarian unit"],
		"promotions": ["Ignore terrain cost"],
		"attackSound": "nonmetalhit"
	},
	{
		"name": "Warrior",
		"unitType": "Sword",
		"movement": 2,
		"strength": 8,
		"cost": 40,
		"uniques" : ["May upgrade to [Spearman] through ruins-like effects"],
		"attackSound": "nonmetalhit",
        "civilopediaText": [
			{"text": "This is your basic, club-swinging fighter."}
		]
	},
	{
		"name": "Archer",
		"unitType": "Archery",
		"movement": 2,
		"strength": 5,
		"rangedStrength": 7,
		"cost": 40,
		"attackSound": "arrow"
	}
	
	/* Great people */

	{
		"name": "Great Artist",
		"unitType": "Civilian",
		"uniques": [
            "Empire enters a [8]-turn Golden Age <by consuming this unit>",
            "Can instantly construct a [Landmark] improvement <by consuming this unit>",
            "Great Person - [Culture]", "Unbuildable", "Uncapturable"],
		"movement": 2
	},
	{
		"name": "Great Scientist",
		"unitType": "Civilian",
		"uniques": [
            "Can hurry technology research",
            "Can instantly construct a [Academy] improvement <by consuming this unit>",
            "Great Person - [Science]", "Unbuildable", "Uncapturable"],
		"movement": 2
	},
	{
		"name": "Great Merchant",
		"unitType": "Civilian",
		"uniques": ["Can undertake a trade mission with City-State, giving a large sum of gold and [30] Influence",
            "Can instantly construct a [Customs house] improvement <by consuming this unit>",
			"Great Person - [Gold]", "Unbuildable", "Uncapturable"],
		"movement": 2
	},
	{
		"name": "Great Engineer",
		"unitType": "Civilian",
		"uniques": ["Can speed up construction of a building",
            "Can instantly construct a [Manufactory] improvement <by consuming this unit>",
            "Great Person - [Production]", "Unbuildable", "Uncapturable"],
		"movement": 2
	},
	{
		"name": "Great Prophet",
		"unitType": "Civilian",
		"uniques": [
            "Can instantly construct a [Holy site] improvement <by consuming this unit> <if it hasn't used other actions yet>",
            "Can Spread Religion <for [2] movement> <[4] times> <after which this unit is consumed>",
			"Removes other religions when spreading religion",
            "May found a religion <by consuming this unit> <if it hasn't used other actions yet>",
            "May enhance a religion <by consuming this unit>  <if it hasn't used other actions yet>",
			"May enter foreign tiles without open borders", "[-1] Sight", "Great Person - [Faith]",
			"Unbuildable", "Religious Unit", "Hidden when religion is disabled",
			"Takes your religion over the one in their birth city"],
		"movement": 2,
		"religiousStrength": 1000
	},
	{
		"name": "Great General",
		"unitType": "Civilian",
		"uniques": [
            "Empire enters a [8]-turn Golden Age <by consuming this unit>",
            "[+15]% Strength bonus for [Military] units within [2] tiles",
            "Can instantly construct a [Citadel] improvement <by consuming this unit>",
			"Can be earned through combat",
			"Great Person - [War]", "Unbuildable", "Uncapturable"],
		"movement": 2
	},
		
	/* Spaceship Parts */

	// Must be transported to the Capital for launch.
	// Can be destroyed by any hostile military unit walking in their tile.
	{
		"name": "SS Booster",
		"unitType": "Civilian",
		"movement": 2,
		"cost": 750,
		//"requiredTech": "Advanced Ballistics",
		"requiredResource": "Aluminum",
		"uniques": ["Spaceship part", "Cannot be purchased", "Only available <if [Apollo Program] is constructed>", "Uncapturable", "Can be added to [The Spaceship] in the Capital", "Limited to [3] per Civilization"]
		// costs 1500 in BNW
	},
	{
		"name": "SS Cockpit",
		"unitType": "Civilian",
		"movement": 2,
		"cost": 750,
		//"requiredTech": "Satellites",
		"requiredResource": "Aluminum",
		"uniques": ["Spaceship part", "Cannot be purchased", "Only available <if [Apollo Program] is constructed>", "Uncapturable", "Can be added to [The Spaceship] in the Capital", "Limited to [1] per Civilization"]
		// costs 1500 in BNW
	},
	{
		"name": "SS Engine",
		"unitType": "Civilian",
		"movement": 2,
		"cost": 750,
		//"requiredTech": "Particle Physics",
		"requiredResource": "Aluminum",
		"uniques": ["Spaceship part", "Cannot be purchased", "Only available <if [Apollo Program] is constructed>", "Uncapturable", "Can be added to [The Spaceship] in the Capital", "Limited to [1] per Civilization"]
		// costs 1500 in BNW
	},
	{
		"name": "SS Stasis Chamber",
		"unitType": "Civilian",
		"movement": 2,
		"cost": 750,
		//"requiredTech": "Nanotechnology",
		"requiredResource": "Aluminum",
		"uniques": ["Spaceship part", "Cannot be purchased", "Only available <if [Apollo Program] is constructed>", "Uncapturable", "Can be added to [The Spaceship] in the Capital", "Limited to [1] per Civilization"]
		// costs 1500 in BNW
	}
]