[
	{
		"name": "Worker",
		"unitType": "Civilian",
		"movement": 2,
		"uniques": ["Can build [Land] improvements on tiles", "Automation is a primary action"],
		"cost": 70
	},
	{
		"name": "Settler",
		"unitType": "Civilian",
		"movement": 2,
		"cost": 106,
		"uniques": ["Founds a new city <by consuming this unit>", 
			"Excess Food converted to Production when under construction",
			"Requires at least [2] population"],
		"hurryCostModifier": 20
	},
	{
		"name": "Scout",
		"unitType": "Scout",
		"movement": 2,
		"strength": 5,
		"cost": 25,
		"uniques": ["May upgrade to [Archer] through ruins-like effects", "Never appears as a Barbarian unit"],
		"promotions": ["Ignore terrain cost"],
		"attackSound": "nonmetalhit"
	},
	{
		"name": "Warrior",
		"unitType": "Sword",
		"movement": 2,
		"strength": 8,
		"cost": 40,
		"uniques" : ["May upgrade to [Spearman] through ruins-like effects"],
		"attackSound": "nonmetalhit",
        "civilopediaText": [
			{"text": "This is your basic, club-swinging fighter."}
		]
	},
	{
		"name": "Archer",
		"unitType": "Archery",
		"movement": 2,
		"strength": 5,
		"rangedStrength": 7,
		"cost": 40,
		"attackSound": "arrow"
	}
]